Hour,ZIP_CODE,Date,Medical Emergencies_count,Environmental and Poisoning Emergencies_count,Other_count,Trauma-Related Incidents_count,Mass Casualty or Public Incidents_count,Call_Count,is_covid,VALID_DISPATCH_RSPNS_TIME_INDC,VALID_INCIDENT_RSPNS_TIME_INDC,HELD_INDICATOR,REOPEN_INDICATOR,SPECIAL_EVENT_INDICATOR,STANDBY_INDICATOR,TRANSFER_INDICATOR,INITIAL_SEVERITY_LEVEL_CODE,FINAL_SEVERITY_LEVEL_CODE,DISPATCH_RESPONSE_SECONDS_QY,INCIDENT_RESPONSE_SECONDS_QY,INCIDENT_TRAVEL_TM_SECONDS_QY,POPULATION,BOROUGH
0,10001.0,2014-01-01,27.0,0.0,0.0,0.0,0.0,27.0,0.0,0.0,0.0,0.0,0.0,0.0,0.0,0.0,4.0,4.0,52.0,813.5,325.0,29079.0,MANHATTAN
1,10001.0,2014-01-01,30.0,0.0,0.0,10.0,0.0,40.0,0.0,0.0,0.0,0.0,0.0,0.0,0.0,0.0,4.0,4.0,1158.0,2209.0,429.0,29079.0,MANHATTAN
2,10001.0,2014-01-01,19.0,2.0,5.0,3.0,0.0,29.0,0.0,0.0,0.0,0.0,0.0,0.0,0.0,0.0,4.0,4.0,190.0,779.0,435.0,29079.0,MANHATTAN
3,10001.0,2014-01-01,9.0,0.0,0.0,0.0,0.0,9.0,0.0,0.0,0.0,0.0,0.0,0.0,0.0,0.0,4.0,4.0,3042.0,523.0,398.5,29079.0,MANHATTAN
4,10001.0,2014-01-01,7.0,0.0,0.0,0.0,0.0,7.0,0.0,0.0,0.0,0.0,0.0,0.0,0.0,0.0,2.0,2.0,21.0,492.0,471.0,29079.0,MANHATTAN
5,10001.0,2014-01-01,13.0,0.0,0.0,3.0,0.0,16.0,0.0,0.0,0.0,0.0,0.0,0.0,0.0,0.0,4.0,4.0,256.0,645.0,389.0,29079.0,MANHATTAN
6,10001.0,2014-01-01,0.0,0.0,0.0,3.0,0.0,3.0,0.0,0.0,0.0,0.0,0.0,0.0,0.0,0.0,5.0,5.0,98.0,155.0,57.0,29079.0,MANHATTAN
7,10001.0,2014-01-01,7.0,0.0,0.0,0.0,0.0,7.0,0.0,0.0,0.0,0.0,0.0,0.0,0.0,0.0,3.0,3.0,78.0,560.0,482.0,29079.0,MANHATTAN
8,10001.0,2014-01-01,3.0,0.0,0.0,0.0,0.0,3.0,0.0,0.0,0.0,0.0,0.0,0.0,0.0,0.0,6.0,6.0,45.0,349.0,304.0,29079.0,MANHATTAN
9,10001.0,2014-01-01,3.0,0.0,0.0,0.0,0.0,0.0,0.0,0.0,0.0,0.0,0.0,0.0,0.0,0.0,6.0,6.0,45.0,349.0,304.0,29079.0,MANHATTAN
10,10001.0,2014-01-01,2.0,0.0,0.0,0.0,0.0,2.0,0.0,0.0,0.0,0.0,0.0,0.0,0.0,0.0,3.0,3.0,43.0,576.0,533.0,29079.0,MANHATTAN
11,10001.0,2014-01-01,2.0,0.0,0.0,0.0,0.0,0.0,0.0,0.0,0.0,0.0,0.0,0.0,0.0,0.0,3.0,3.0,43.0,576.0,533.0,29079.0,MANHATTAN
12,10001.0,2014-01-01,2.0,0.0,0.0,0.0,0.0,0.0,0.0,0.0,0.0,0.0,0.0,0.0,0.0,0.0,3.0,3.0,43.0,576.0,533.0,29079.0,MANHATTAN
13,10001.0,2014-01-01,0.0,4.0,0.0,3.0,0.0,7.0,0.0,0.0,0.0,0.0,0.0,0.0,0.0,0.0,6.0,6.0,90.5,397.0,306.5,29079.0,MANHATTAN
14,10001.0,2014-01-01,4.0,0.0,0.0,0.0,0.0,4.0,0.0,0.0,0.0,0.0,0.0,0.0,0.0,0.0,2.0,2.0,11.0,204.0,193.0,29079.0,MANHATTAN
15,10001.0,2014-01-01,4.0,0.0,0.0,0.0,0.0,0.0,0.0,0.0,0.0,0.0,0.0,0.0,0.0,0.0,2.0,2.0,11.0,204.0,193.0,29079.0,MANHATTAN
16,10001.0,2014-01-01,11.0,0.0,3.0,0.0,0.0,14.0,0.0,0.0,0.0,0.0,0.0,0.0,0.0,0.0,4.0,4.0,102.0,744.0,608.0,29079.0,MANHATTAN
17,10001.0,2014-01-01,11.0,0.0,3.0,0.0,0.0,0.0,0.0,0.0,0.0,0.0,0.0,0.0,0.0,0.0,4.0,4.0,102.0,744.0,608.0,29079.0,MANHATTAN
18,10001.0,2014-01-01,3.0,0.0,0.0,5.0,0.0,8.0,0.0,0.0,0.0,0.0,0.0,0.0,0.0,0.0,5.0,5.0,13.0,208.0,195.0,29079.0,MANHATTAN
19,10001.0,2014-01-01,3.0,2.0,0.0,0.0,0.0,5.0,0.0,0.0,0.0,0.0,0.0,0.0,0.0,0.0,3.0,3.0,27.0,266.0,239.0,29079.0,MANHATTAN
20,10001.0,2014-01-01,6.0,0.0,0.0,0.0,0.0,6.0,0.0,0.0,0.0,0.0,0.0,0.0,0.0,0.0,4.0,4.0,31.0,293.0,262.0,29079.0,MANHATTAN
21,10001.0,2014-01-01,6.0,0.0,0.0,0.0,0.0,6.0,0.0,0.0,0.0,0.0,0.0,0.0,0.0,0.0,6.0,6.0,70.0,515.0,445.0,29079.0,MANHATTAN
22,10001.0,2014-01-01,0.0,0.0,0.0,2.0,0.0,2.0,0.0,0.0,0.0,0.0,0.0,0.0,0.0,0.0,5.0,5.0,15.0,305.0,290.0,29079.0,MANHATTAN
23,10001.0,2014-01-01,9.0,0.0,0.0,0.0,0.0,9.0,0.0,0.0,0.0,0.0,0.0,0.0,0.0,0.0,3.0,3.0,28.0,388.0,360.0,29079.0,MANHATTAN
0,10001.0,2014-01-02,1.0,0.0,0.0,0.0,0.0,1.0,0.0,0.0,0.0,0.0,0.0,0.0,0.0,0.0,7.0,7.0,57.0,383.0,326.0,29079.0,MANHATTAN
1,10001.0,2014-01-02,1.0,0.0,0.0,0.0,0.0,0.0,0.0,0.0,0.0,0.0,0.0,0.0,0.0,0.0,7.0,7.0,57.0,383.0,326.0,29079.0,MANHATTAN
2,10001.0,2014-01-02,2.0,2.0,0.0,0.0,0.0,4.0,0.0,0.0,0.0,0.0,0.0,0.0,0.0,0.0,7.0,7.0,10.0,279.0,269.0,29079.0,MANHATTAN
3,10001.0,2014-01-02,2.0,2.0,0.0,0.0,0.0,0.0,0.0,0.0,0.0,0.0,0.0,0.0,0.0,0.0,7.0,7.0,10.0,279.0,269.0,29079.0,MANHATTAN
4,10001.0,2014-01-02,7.0,3.0,0.0,0.0,0.0,10.0,0.0,0.0,0.0,0.0,0.0,0.0,0.0,0.0,4.0,4.0,48.0,468.0,420.0,29079.0,MANHATTAN
5,10001.0,2014-01-02,7.0,3.0,0.0,0.0,0.0,0.0,0.0,0.0,0.0,0.0,0.0,0.0,0.0,0.0,4.0,4.0,48.0,468.0,420.0,29079.0,MANHATTAN
6,10001.0,2014-01-02,7.0,3.0,0.0,0.0,0.0,0.0,0.0,0.0,0.0,0.0,0.0,0.0,0.0,0.0,4.0,4.0,48.0,468.0,420.0,29079.0,MANHATTAN
7,10001.0,2014-01-02,0.0,3.0,0.0,0.0,0.0,3.0,0.0,0.0,0.0,0.0,0.0,0.0,0.0,0.0,7.0,7.0,36.0,542.0,506.0,29079.0,MANHATTAN
8,10001.0,2014-01-02,0.0,0.0,1.0,2.0,0.0,3.0,0.0,0.0,0.0,0.0,0.0,0.0,0.0,0.0,5.0,5.0,36.0,491.0,455.0,29079.0,MANHATTAN
9,10001.0,2014-01-02,1.0,0.0,0.0,0.0,0.0,1.0,0.0,0.0,0.0,0.0,0.0,0.0,0.0,0.0,6.0,6.0,0.0,0.0,0.0,29079.0,MANHATTAN
10,10001.0,2014-01-02,0.0,0.0,0.0,1.0,0.0,1.0,0.0,0.0,0.0,0.0,0.0,0.0,0.0,0.0,5.0,5.0,20.0,441.0,421.0,29079.0,MANHATTAN
11,10001.0,2014-01-02,0.0,7.0,0.0,0.0,0.0,7.0,0.0,0.0,0.0,0.0,0.0,0.0,0.0,0.0,7.0,7.0,7.0,1035.0,1028.0,29079.0,MANHATTAN
12,10001.0,2014-01-02,0.0,7.0,0.0,0.0,0.0,0.0,0.0,0.0,0.0,0.0,0.0,0.0,0.0,0.0,7.0,7.0,7.0,1035.0,1028.0,29079.0,MANHATTAN
13,10001.0,2014-01-02,0.0,3.0,0.0,0.0,0.0,3.0,0.0,0.0,0.0,0.0,0.0,0.0,0.0,0.0,7.0,7.0,55.0,993.0,938.0,29079.0,MANHATTAN
14,10001.0,2014-01-02,10.0,0.0,0.0,0.0,0.0,10.0,0.0,0.0,0.0,0.0,0.0,0.0,0.0,0.0,2.0,2.0,95.5,770.0,674.5,29079.0,MANHATTAN
15,10001.0,2014-01-02,8.0,0.0,6.0,4.0,0.0,18.0,0.0,0.0,0.0,0.0,0.0,0.0,0.0,0.0,5.0,5.0,31.0,690.0,612.0,29079.0,MANHATTAN
16,10001.0,2014-01-02,5.0,0.0,0.0,2.0,0.0,7.0,0.0,0.0,0.0,0.0,0.0,0.0,0.0,0.0,4.5,4.5,24.5,570.5,515.0,29079.0,MANHATTAN
17,10001.0,2014-01-02,5.0,0.0,0.0,3.0,0.0,8.0,0.0,0.0,0.0,0.0,0.0,0.0,0.0,0.0,4.0,4.0,179.0,562.0,383.0,29079.0,MANHATTAN
18,10001.0,2014-01-02,5.0,3.0,1.0,7.0,0.0,16.0,0.0,0.0,0.0,0.0,0.0,0.0,0.0,0.0,5.0,5.0,28.0,281.0,261.0,29079.0,MANHATTAN
19,10001.0,2014-01-02,9.0,0.0,0.0,4.0,0.0,13.0,0.0,0.0,0.0,0.0,0.0,0.0,0.0,0.0,5.0,5.0,25.0,425.0,413.0,29079.0,MANHATTAN
20,10001.0,2014-01-02,3.0,0.0,0.0,0.0,0.0,3.0,0.0,0.0,0.0,0.0,0.0,0.0,0.0,0.0,5.0,5.0,17.0,323.0,306.0,29079.0,MANHATTAN
21,10001.0,2014-01-02,2.0,1.0,0.0,1.0,0.0,4.0,0.0,0.0,0.0,0.0,0.0,0.0,0.0,0.0,5.0,5.0,25.0,327.0,302.0,29079.0,MANHATTAN
22,10001.0,2014-01-02,0.0,0.0,3.0,3.0,0.0,6.0,0.0,0.0,0.0,0.0,0.0,0.0,0.0,0.0,5.5,5.5,14.0,676.0,648.0,29079.0,MANHATTAN
23,10001.0,2014-01-02,0.0,0.0,0.0,4.0,0.0,4.0,0.0,0.0,0.0,0.0,0.0,0.0,0.0,0.0,3.0,3.0,40.0,676.0,648.0,29079.0,MANHATTAN
0,10001.0,2014-01-03,4.0,0.0,0.0,0.0,0.0,0.0,0.0,0.0,0.0,0.0,0.0,0.0,0.0,0.0,6.0,6.0,15.0,386.0,371.0,29079.0,MANHATTAN
1,10001.0,2014-01-03,4.0,0.0,0.0,0.0,0.0,4.0,0.0,0.0,0.0,0.0,0.0,0.0,0.0,0.0,6.0,6.0,15.0,386.0,371.0,29079.0,MANHATTAN
2,10001.0,2014-01-03,4.0,0.0,0.0,0.0,0.0,0.0,0.0,0.0,0.0,0.0,0.0,0.0,0.0,0.0,6.0,6.0,15.0,386.0,371.0,29079.0,MANHATTAN
3,10001.0,2014-01-03,2.0,0.0,0.0,0.0,0.0,2.0,0.0,0.0,0.0,0.0,0.0,0.0,0.0,0.0,4.0,4.0,19.0,449.0,430.0,29079.0,MANHATTAN
4,10001.0,2014-01-03,2.0,0.0,0.0,0.0,0.0,0.0,0.0,0.0,0.0,0.0,0.0,0.0,0.0,0.0,4.0,4.0,19.0,449.0,430.0,29079.0,MANHATTAN
5,10001.0,2014-01-03,2.0,0.0,0.0,0.0,0.0,0.0,0.0,0.0,0.0,0.0,0.0,0.0,0.0,0.0,4.0,4.0,19.0,449.0,430.0,29079.0,MANHATTAN
6,10001.0,2014-01-03,2.0,5.0,0.0,0.0,0.0,7.0,0.0,0.0,0.0,0.0,0.0,0.0,0.0,0.0,7.0,7.0,26.0,709.0,683.0,29079.0,MANHATTAN
7,10001.0,2014-01-03,0.0,0.0,0.0,5.0,0.0,5.0,0.0,0.0,0.0,0.0,0.0,0.0,0.0,0.0,5.0,5.0,15.0,318.0,303.0,29079.0,MANHATTAN
8,10001.0,2014-01-03,8.0,0.0,0.0,3.0,0.0,11.0,0.0,0.0,0.0,0.0,0.0,0.0,0.0,0.0,5.0,5.0,31.0,423.0,399.0,29079.0,MANHATTAN
9,10001.0,2014-01-03,3.0,0.0,0.0,2.0,0.0,5.0,0.0,0.0,0.0,0.0,0.0,0.0,0.0,0.0,3.5,3.5,27.0,328.5,301.5,29079.0,MANHATTAN
10,10001.0,2014-01-03,3.0,0.0,0.0,2.0,0.0,0.0,0.0,0.0,0.0,0.0,0.0,0.0,0.0,0.0,3.5,3.5,27.0,328.5,301.5,29079.0,MANHATTAN
11,10001.0,2014-01-03,3.0,0.0,0.0,2.0,0.0,0.0,0.0,0.0,0.0,0.0,0.0,0.0,0.0,0.0,3.5,3.5,27.0,328.5,301.5,29079.0,MANHATTAN
12,10001.0,2014-01-03,0.0,0.0,2.0,0.0,0.0,2.0,0.0,0.0,0.0,0.0,0.0,0.0,0.0,0.0,4.0,4.0,10.0,295.0,285.0,29079.0,MANHATTAN
13,10001.0,2014-01-03,0.0,0.0,2.0,0.0,0.0,0.0,0.0,0.0,0.0,0.0,0.0,0.0,0.0,0.0,4.0,4.0,10.0,295.0,285.0,29079.0,MANHATTAN
14,10001.0,2014-01-03,11.0,4.0,0.0,5.0,0.0,20.0,0.0,0.0,0.0,0.0,0.0,0.0,0.0,0.0,5.0,5.0,34.5,560.0,510.0,29079.0,MANHATTAN
15,10001.0,2014-01-03,2.0,0.0,0.0,2.0,0.0,4.0,0.0,0.0,0.0,0.0,0.0,0.0,0.0,0.0,2.0,2.0,17.0,535.0,518.0,29079.0,MANHATTAN
16,10001.0,2014-01-03,1.0,0.0,0.0,4.0,0.0,5.0,0.0,0.0,0.0,0.0,0.0,0.0,0.0,0.0,5.0,5.0,62.0,811.0,687.0,29079.0,MANHATTAN
17,10001.0,2014-01-03,7.0,1.0,0.0,0.0,0.0,8.0,0.0,0.0,0.0,0.0,0.0,0.0,0.0,0.0,7.0,7.0,36.0,1185.0,1149.0,29079.0,MANHATTAN
18,10001.0,2014-01-03,5.0,0.0,0.0,12.0,0.0,17.0,0.0,0.0,0.0,0.0,0.0,0.0,0.0,0.0,5.0,5.0,55.0,294.0,271.0,29079.0,MANHATTAN
19,10001.0,2014-01-03,0.0,2.0,0.0,0.0,0.0,2.0,0.0,0.0,0.0,0.0,0.0,0.0,0.0,0.0,7.0,7.0,77.0,1106.0,1029.0,29079.0,MANHATTAN
20,10001.0,2014-01-03,5.0,0.0,0.0,0.0,0.0,5.0,0.0,0.0,0.0,0.0,0.0,0.0,0.0,0.0,5.0,5.0,24.0,421.0,397.0,29079.0,MANHATTAN
21,10001.0,2014-01-03,5.0,0.0,0.0,0.0,0.0,5.0,0.0,0.0,0.0,0.0,0.0,0.0,0.0,0.0,5.0,5.0,91.0,721.0,630.0,29079.0,MANHATTAN
22,10001.0,2014-01-03,0.0,0.0,0.0,1.0,0.0,1.0,0.0,0.0,0.0,0.0,0.0,0.0,0.0,0.0,5.0,5.0,74.0,531.0,457.0,29079.0,MANHATTAN
23,10001.0,2014-01-03,11.0,0.0,0.0,4.0,0.0,15.0,0.0,0.0,0.0,0.0,0.0,0.0,0.0,0.0,3.5,3.5,32.0,287.0,278.0,29079.0,MANHATTAN
0,10001.0,2014-01-04,6.0,0.0,5.0,0.0,0.0,0.0,0.0,0.0,0.0,0.0,0.0,0.0,0.0,0.0,4.0,4.0,30.0,442.0,412.0,29079.0,MANHATTAN
1,10001.0,2014-01-04,6.0,0.0,5.0,0.0,0.0,11.0,0.0,0.0,0.0,0.0,0.0,0.0,0.0,0.0,4.0,4.0,30.0,442.0,412.0,29079.0,MANHATTAN
2,10001.0,2014-01-04,6.0,0.0,5.0,0.0,0.0,0.0,0.0,0.0,0.0,0.0,0.0,0.0,0.0,0.0,4.0,4.0,30.0,442.0,412.0,29079.0,MANHATTAN
3,10001.0,2014-01-04,6.0,0.0,5.0,0.0,0.0,0.0,0.0,0.0,0.0,0.0,0.0,0.0,0.0,0.0,4.0,4.0,30.0,442.0,412.0,29079.0,MANHATTAN
4,10001.0,2014-01-04,6.0,0.0,0.0,5.0,0.0,11.0,0.0,0.0,0.0,0.0,0.0,0.0,0.0,0.0,5.0,5.0,20.0,299.0,280.0,29079.0,MANHATTAN
5,10001.0,2014-01-04,2.0,0.0,0.0,0.0,0.0,2.0,0.0,0.0,0.0,0.0,0.0,0.0,0.0,0.0,5.0,5.0,26.0,636.0,610.0,29079.0,MANHATTAN
6,10001.0,2014-01-04,2.0,0.0,0.0,0.0,0.0,0.0,0.0,0.0,0.0,0.0,0.0,0.0,0.0,0.0,5.0,5.0,26.0,636.0,610.0,29079.0,MANHATTAN
7,10001.0,2014-01-04,2.0,0.0,0.0,0.0,0.0,0.0,0.0,0.0,0.0,0.0,0.0,0.0,0.0,0.0,5.0,5.0,26.0,636.0,610.0,29079.0,MANHATTAN
8,10001.0,2014-01-04,5.0,0.0,0.0,0.0,0.0,5.0,0.0,0.0,0.0,0.0,0.0,0.0,0.0,0.0,2.0,2.0,18.0,325.0,307.0,29079.0,MANHATTAN
9,10001.0,2014-01-04,5.0,0.0,0.0,0.0,0.0,0.0,0.0,0.0,0.0,0.0,0.0,0.0,0.0,0.0,2.0,2.0,18.0,325.0,307.0,29079.0,MANHATTAN
10,10001.0,2014-01-04,3.0,4.0,0.0,0.0,0.0,7.0,0.0,0.0,0.0,0.0,0.0,0.0,0.0,0.0,7.0,7.0,13.0,626.0,613.0,29079.0,MANHATTAN
11,10001.0,2014-01-04,3.0,4.0,0.0,0.0,0.0,0.0,0.0,0.0,0.0,0.0,0.0,0.0,0.0,0.0,7.0,7.0,13.0,626.0,613.0,29079.0,MANHATTAN
12,10001.0,2014-01-04,4.0,0.0,1.0,0.0,0.0,5.0,0.0,0.0,0.0,0.0,0.0,0.0,0.0,0.0,2.0,2.0,21.0,547.0,526.0,29079.0,MANHATTAN
13,10001.0,2014-01-04,9.0,2.0,0.0,5.0,0.0,16.0,0.0,0.0,0.0,0.0,0.0,0.0,0.0,0.0,3.5,3.5,21.0,447.0,436.0,29079.0,MANHATTAN
14,10001.0,2014-01-04,8.0,0.0,0.0,0.0,0.0,8.0,0.0,0.0,0.0,0.0,0.0,0.0,0.0,0.0,6.0,6.0,28.0,513.0,485.0,29079.0,MANHATTAN
15,10001.0,2014-01-04,6.0,0.0,0.0,0.0,0.0,6.0,0.0,0.0,0.0,0.0,0.0,0.0,0.0,0.0,2.5,2.5,29.5,618.5,589.0,29079.0,MANHATTAN
16,10001.0,2014-01-04,6.0,0.0,0.0,0.0,0.0,0.0,0.0,0.0,0.0,0.0,0.0,0.0,0.0,0.0,2.5,2.5,29.5,618.5,589.0,29079.0,MANHATTAN
17,10001.0,2014-01-04,8.0,0.0,0.0,9.0,0.0,17.0,0.0,0.0,0.0,0.0,0.0,0.0,0.0,0.0,5.0,5.0,16.0,538.0,528.0,29079.0,MANHATTAN
18,10001.0,2014-01-04,3.0,0.0,0.0,0.0,0.0,3.0,0.0,0.0,0.0,0.0,0.0,0.0,0.0,0.0,2.0,2.0,23.0,433.0,410.0,29079.0,MANHATTAN
19,10001.0,2014-01-04,3.0,0.0,0.0,0.0,0.0,0.0,0.0,0.0,0.0,0.0,0.0,0.0,0.0,0.0,2.0,2.0,23.0,433.0,410.0,29079.0,MANHATTAN
20,10001.0,2014-01-04,3.0,0.0,0.0,0.0,0.0,0.0,0.0,0.0,0.0,0.0,0.0,0.0,0.0,0.0,2.0,2.0,23.0,433.0,410.0,29079.0,MANHATTAN
21,10001.0,2014-01-04,3.0,0.0,0.0,0.0,0.0,3.0,0.0,0.0,0.0,0.0,0.0,0.0,0.0,0.0,4.0,4.0,35.0,842.0,807.0,29079.0,MANHATTAN
22,10001.0,2014-01-04,3.0,5.0,0.0,0.0,0.0,8.0,0.0,0.0,0.0,0.0,0.0,0.0,0.0,0.0,7.0,7.0,41.0,661.0,620.0,29079.0,MANHATTAN
23,10001.0,2014-01-04,4.0,0.0,0.0,10.0,0.0,14.0,0.0,0.0,0.0,0.0,0.0,0.0,0.0,0.0,5.0,5.0,126.5,505.0,384.5,29079.0,MANHATTAN
0,10001.0,2014-01-05,4.0,0.0,0.0,0.0,0.0,4.0,0.0,0.0,0.0,0.0,0.0,0.0,0.0,0.0,4.0,4.0,36.0,543.0,507.0,29079.0,MANHATTAN
1,10001.0,2014-01-05,0.0,0.0,0.0,6.0,0.0,6.0,0.0,0.0,0.0,0.0,0.0,0.0,0.0,0.0,5.0,5.0,29.0,193.0,164.0,29079.0,MANHATTAN
2,10001.0,2014-01-05,0.0,0.0,0.0,6.0,0.0,0.0,0.0,0.0,0.0,0.0,0.0,0.0,0.0,0.0,5.0,5.0,29.0,193.0,164.0,29079.0,MANHATTAN
3,10001.0,2014-01-05,0.0,0.0,0.0,6.0,0.0,0.0,0.0,0.0,0.0,0.0,0.0,0.0,0.0,0.0,5.0,5.0,29.0,193.0,164.0,29079.0,MANHATTAN
